{
    "-1.5707963267948966": [
        0.0006522801894336454,
        [
            -0.0981280904017586,
            0.04521984508355924,
            0.01869315034633723,
            0.9364114943627665
        ]
    ],
    "-1.2217304763960306": [
        0.0009938837970525293,
        [
            -0.12847772575166913,
            0.01867841650887292,
            0.0949800528681215,
            0.8811955623057739
        ]
    ],
    "-0.8726646259971648": [
        0.0006446978851300288,
        [
            -0.11327461949982578,
            0.0039803560482936096,
            0.05761683889113585,
            0.9388348302154124
        ]
    ],
    "-0.5235987755982989": [
        0.0006581612774355068,
        [
            -0.10306947571198057,
            0.037382787445527116,
            0.021579922927428496,
            0.9373331833820648
        ]
    ],
    "-0.17453292519943298": [
        0.0008195321432050541,
        [
            -0.07528319697908618,
            0.005021859800429049,
            0.08948363536469706,
            0.9027701442000642
        ]
    ],
    "0.17453292519943298": [
        0.0006533321514682273,
        [
            -0.08182206867867177,
            0.027445907907504896,
            0.031477563190331015,
            0.9397746265583095
        ]
    ],
    "0.5235987755982987": [
        0.0006848900559391194,
        [
            -0.06615583967661666,
            0.06073352525243462,
            0.012575803883222103,
            0.9262748965304692
        ]
    ],
    "0.8726646259971647": [
        0.0006464663961563859,
        [
            -0.11347860667402376,
            0.007575142588055028,
            0.048728435210784675,
            0.945734656319832
        ]
    ],
    "1.2217304763960306": [
        0.0007790086750989237,
        [
            -0.07749129088607064,
            0.0425906247539769,
            0.045264243259370646,
            0.9062023261274735
        ]
    ],
    "1.5707963267948966": [
        0.0006621622696468394,
        [
            -0.12370954008915822,
            0.0134532237424017,
            0.05634162954362675,
            0.9310796692158645
        ]
    ]
}