{
    "-1.5707963267948966": [
        7.303029010760722e-05,
        [
            -0.6486543326641752,
            0.12087068408118765,
            0.34754265527307704,
            0.7148437161287382
        ]
    ],
    "-0.7853981633974483": [
        7.668221668013103e-05,
        [
            -0.6299125000499073,
            0.21189568668631406,
            0.24492394815985508,
            0.7288806826164893
        ]
    ],
    "0.0": [
        8.66765837348053e-05,
        [
            -0.6798192231872289,
            0.0936289345181752,
            0.4019188974357618,
            0.6954090995475809
        ]
    ],
    "0.7853981633974483": [
        8.379756343983107e-05,
        [
            -0.6683608005808097,
            0.1869805532510702,
            0.2999270014367915,
            0.7088963803415989
        ]
    ],
    "1.5707963267948966": [
        9.465093009271592e-05,
        [
            -0.6897991913327164,
            0.15578415090217992,
            0.35166050697329704,
            0.6928812717057931
        ]
    ]
}