{"-1.5707963267948966": [0.00010808946921406525, [-0.7763039490914826, 0.09078724006581908, 0.5223449931443147, 0.599210443757934]], "-1.2217304763960306": [9.365851109361901e-05, [-0.7028439805583125, 0.1662275105151793, 0.3735682508709576, 0.6563791578715008]], "-0.8726646259971648": [9.238490759064214e-05, [-0.7025593237687294, 0.14282540115084846, 0.3948771853731026, 0.6558133757952962]], "-0.5235987755982989": [9.425827453601883e-05, [-0.6905966021452918, 0.22333987360234894, 0.3079430841115153, 0.6671612322688609]], "-0.17453292519943298": [9.482926282338927e-05, [-0.6828031414864602, 0.1815720813764244, 0.3423951667842941, 0.6676234543256394]], "0.17453292519943298": [0.00010729811209604034, [-0.7669416608262458, 0.12736284953498697, 0.47535919571267565, 0.6103812390385466]], "0.5235987755982987": [9.757410446853313e-05, [-0.728754178736122, 0.19093724044628038, 0.37722621543747026, 0.6392499356097047]], "0.8726646259971647": [0.00010029984075554102, [-0.7347448865379256, 0.20256986098362284, 0.37452123908008955, 0.6337863992602184]], "1.2217304763960306": [0.0001017723090326565, [-0.7425203917072895, 0.19672286327926652, 0.38336073469623916, 0.6323936044352378]], "1.5707963267948966": [9.748763058059119e-05, [-0.7267409055361451, 0.19606342758923412, 0.36733771035952917, 0.6436895797054454]]}