{"0.0": [0.00010067808501090661, [-0.7406542881900432, 0.13616895058218903, 0.44158356913859437, 0.6277788429981452]], "0.1111111111111111": [0.0001256538887683026, [-0.6503282420970503, 0.20832855045878204, 0.3009988983567295, 0.6764086625044092]], "0.2222222222222222": [9.78653077880417e-05, [-0.7269223695355344, 0.16540666271696086, 0.40018423947549103, 0.6383420011163232]], "0.3333333333333333": [0.00010462672317827163, [-0.7467658417768605, 0.14607063171110637, 0.4423672288226079, 0.620513747265435]], "0.4444444444444444": [9.477408478183118e-05, [-0.6984365930170813, 0.20735592776832784, 0.3296178552969293, 0.6621585793309117]], "0.5555555555555556": [9.60221460555765e-05, [-0.7099770555173684, 0.23487770110978876, 0.31305732003660813, 0.657802364306527]], "0.6666666666666666": [9.674674976240376e-05, [-0.7295374383321767, 0.18268110742495372, 0.3839051344382118, 0.6401636713650701]], "0.7777777777777777": [9.52504620289742e-05, [-0.710762549900369, 0.21218406259143033, 0.33715372800398524, 0.654393849104289]], "0.8888888888888888": [9.618151009685354e-05, [-0.7363725039862254, 0.0981549990550111, 0.4745278802889404, 0.6273301781220623]], "1.0": [9.34411598297991e-05, [-0.7056258085247631, 0.1647567574387326, 0.3785209572819447, 0.6537266087973956]]}