{"0.0": [9.374977682764258e-05, [-0.7156749518339584, 0.19168481378535024, 0.3596026463782881, 0.6516105233757516]], "0.1111111111111111": [9.274285383020157e-05, [-0.6988324709317715, 0.14902025945741185, 0.385312373892725, 0.6586363658788879]], "0.2222222222222222": [9.563725925753903e-05, [-0.6894685804430738, 0.265306978897299, 0.2677989905520451, 0.6695698220333716]], "0.3333333333333333": [0.00010952805309383446, [-0.7697160669623486, 0.16900407151580002, 0.44293642936368993, 0.6070960384542096]], "0.4444444444444444": [9.339632250049586e-05, [-0.723532351513968, 0.1359095892945891, 0.42107067931688213, 0.6425799244600803]], "0.5555555555555556": [0.0001005007301474707, [-0.7362163143937467, 0.17446656721284343, 0.4010268230316833, 0.6327560969403478]], "0.6666666666666666": [9.28038971146432e-05, [-0.7146665288500992, 0.14370069712139555, 0.4063884987517178, 0.6475600700675741]], "0.7777777777777777": [0.00010698700850461404, [-0.775876996488745, 0.04319147506646436, 0.5713878717853238, 0.5926967870517219]], "0.8888888888888888": [9.804593928958909e-05, [-0.7360180204990228, 0.13882428331769195, 0.4312748316476155, 0.6338882673914755]], "1.0": [0.00011729454434723738, [-0.7780635425318229, 0.20860931022752366, 0.41353573693519063, 0.6037907689793321]]}