{"0.0": [9.46412037003623e-05, [-0.6952777303286469, 0.24959455656552848, 0.2874656785385886, 0.6657714061942832]], "0.1111111111111111": [9.233411030277985e-05, [-0.7148584662527789, 0.12789553002445275, 0.42148114181918733, 0.6465861111160726]], "0.2222222222222222": [9.406697838768547e-05, [-0.7080911391116058, 0.21005688091804892, 0.33642209373968956, 0.6561473391871694]], "0.3333333333333333": [9.713931552395215e-05, [-0.6670840136360543, 0.26923785492248686, 0.24446156009648687, 0.6822402366999835]], "0.4444444444444444": [9.30433884607132e-05, [-0.7172518470347826, 0.16162057986613934, 0.3911293144450464, 0.6476123875937543]], "0.5555555555555556": [9.599031193989565e-05, [-0.7331602139022249, 0.1865152224998011, 0.3834289425217826, 0.6383795716094948]], "0.6666666666666666": [9.770208700924296e-05, [-0.6722065184332344, 0.24331957602633966, 0.2738205305089698, 0.6777009187763149]], "0.7777777777777777": [9.449360469875256e-05, [-0.692587895701021, 0.22009395015873018, 0.31302454917198175, 0.6655982211870102]], "0.8888888888888888": [9.463573434347033e-05, [-0.7099860918807586, 0.19771955315081008, 0.34995840684213064, 0.6542790738975955]], "1.0": [9.686947188577602e-05, [-0.6922045878746632, 0.21518501637901735, 0.3186696788226885, 0.6643663911047847]]}