{"0.0": [7.484743174584556e-05, [-0.7628781403824234, 0.12563550472253732, 0.50281517332016, 0.5836621030997526]], "0.1111111111111111": [7.765986382486504e-05, [-0.7449302170664599, 0.23364121874293722, 0.38216150722639736, 0.6037700699136235]], "0.2222222222222222": [7.420915669150573e-05, [-0.7368870322512355, 0.2056197816410167, 0.3987270133176577, 0.6091162148928745]], "0.3333333333333333": [7.696589694998586e-05, [-0.7704367315629114, 0.15190898850229634, 0.48487651050656994, 0.5809798815408698]], "0.4444444444444444": [7.510427867165692e-05, [-0.7247197624260261, 0.24624695954917394, 0.34856425027865817, 0.6197698192093715]], "0.5555555555555556": [7.509217465396946e-05, [-0.7500177136363309, 0.20231941482354365, 0.4154242564632823, 0.5995887604457634]], "0.6666666666666666": [7.592787344713792e-05, [-0.7253710362679644, 0.2864093756128064, 0.31206332238496554, 0.621303119569119]], "0.7777777777777777": [7.476920366161692e-05, [-0.7214041629262756, 0.2787731008334697, 0.31321844455716247, 0.6254353526132126]], "0.8888888888888888": [7.667184282757523e-05, [-0.7310859032847696, 0.30507164527032654, 0.2982375078402705, 0.6205551883808708]], "1.0": [7.41569524007279e-05, [-0.7363261935665208, 0.21924738783958517, 0.38496051123257596, 0.6107454977211179]]}