{
    "0.0": [
        0.0010596945343353406,
        [
            0.033913378249745996,
            0.0727255158895953,
            0.02492351692033299,
            0.895822845065463
        ]
    ],
    "0.1111111111111111": [
        0.0008506569039897825,
        [
            -0.033355543926428546,
            0.07313531781934342,
            0.021394038376660873,
            0.9014189612963824
        ]
    ],
    "0.2222222222222222": [
        0.0006865269014627412,
        [
            -0.06513750421638577,
            0.05918501491724835,
            0.014014522336297075,
            0.9254829041127028
        ]
    ],
    "0.3333333333333333": [
        0.0009691185723479016,
        [
            -0.24209661999995635,
            0.02900850928067336,
            0.031155501852926842,
            0.9405197092896416
        ]
    ],
    "0.4444444444444444": [
        0.0007141759432724174,
        [
            -0.048206583300240746,
            0.0022952843151200497,
            0.05720208859207146,
            0.9385930787366763
        ]
    ],
    "0.5555555555555556": [
        0.000668570599061731,
        [
            -0.09349290156913434,
            0.03764563851836051,
            0.0329941846981352,
            0.9275152138128291
        ]
    ],
    "0.6666666666666666": [
        0.0006819985010055937,
        [
            -0.09787438106769078,
            0.008983777619025801,
            0.06624527736566688,
            0.9231117469023129
        ]
    ],
    "0.7777777777777777": [
        0.0006891902343720735,
        [
            -0.12810241074394083,
            0.009366610508557471,
            0.06850378639745001,
            0.9214073865007948
        ]
    ],
    "0.8888888888888888": [
        0.0014353918512118203,
        [
            0.07820211474439136,
            0.09825577211240555,
            0.022496067832724752,
            0.873472721198292
        ]
    ],
    "1.0": [
        0.0006926470481817839,
        [
            -0.08403708674760539,
            0.02845868269915249,
            0.04620318452014516,
            0.9217701755414137
        ]
    ]
}