{
    "0.0": [
        8.07383022165906e-05,
        [
            -0.6635262270917298,
            0.14872074861323475,
            0.33373263319051755,
            0.7081251939444627
        ]
    ],
    "0.25": [
        7.88010906840388e-05,
        [
            -0.6328127643609791,
            0.15516741027600872,
            0.3050826599791393,
            0.7214391550719403
        ]
    ],
    "0.5": [
        8.429809969606568e-05,
        [
            -0.6683099926249345,
            0.1748229307180146,
            0.3152453172734301,
            0.7050098300403972
        ]
    ],
    "0.75": [
        7.405072426030865e-05,
        [
            -0.6318098766751544,
            0.10156948474138383,
            0.35416908514450873,
            0.7205144329973276
        ]
    ],
    "1.0": [
        8.564724836147977e-05,
        [
            -0.6024042434398897,
            0.1578789792257525,
            0.28176196947924453,
            0.7335792073484666
        ]
    ]
}