{
    "0.0": [
        7.833466910775171e-05,
        [
            -0.6619947717129661,
            0.13605499261162965,
            0.34643583977994447,
            0.7068283804907941
        ]
    ],
    "0.25": [
        9.088872813271451e-05,
        [
            -0.6844059688962434,
            0.0750563804502808,
            0.4285814568597951,
            0.6874344272525497
        ]
    ],
    "0.5": [
        7.876230001503375e-05,
        [
            -0.6509007689690142,
            0.09644423546319741,
            0.3729471591716119,
            0.7121804172647063
        ]
    ],
    "0.75": [
        9.366263527502e-05,
        [
            -0.6927459732529158,
            0.16396845286843104,
            0.3455581940660432,
            0.6924396252385906
        ]
    ],
    "1.0": [
        8.584164333795457e-05,
        [
            -0.6710826820583462,
            0.11046284341894949,
            0.38126185826651565,
            0.6984706237873166
        ]
    ]
}