{
    "0.0": [
        0.0008466036485571155,
        [
            -0.05168164291651558,
            0.024167416006632303,
            0.07012358818820341,
            0.9022904461521088
        ]
    ],
    "0.1111111111111111": [
        0.0007625523869446715,
        [
            -0.18202867991622318,
            0.012037782477080539,
            0.06646421906316646,
            0.921874433805214
        ]
    ],
    "0.2222222222222222": [
        0.0006842402256056272,
        [
            -0.045167121588332915,
            0.04700093669622198,
            0.01097205018027525,
            0.9430897636693735
        ]
    ],
    "0.3333333333333333": [
        0.000646007563439769,
        [
            -0.10516242453393843,
            0.029825927226313054,
            0.02623309433958226,
            0.9439469813177063
        ]
    ],
    "0.4444444444444444": [
        0.000841942530504107,
        [
            -0.09522522635368767,
            0.0911330289421267,
            0.0029948794446927884,
            0.8991802474461776
        ]
    ],
    "0.5555555555555556": [
        0.0006732491634663567,
        [
            -0.10317136168675017,
            0.035118626820094256,
            0.035214732122413155,
            0.9332604620026266
        ]
    ],
    "0.6666666666666666": [
        0.0007018697812070137,
        [
            -0.1471127504625126,
            0.006488384073462312,
            0.07092056669247726,
            0.9208016848794894
        ]
    ],
    "0.7777777777777777": [
        0.0011915588135089001,
        [
            0.08182742421430142,
            0.08510476392187039,
            0.009344630143274246,
            0.8999020705179122
        ]
    ],
    "0.8888888888888888": [
        0.0006524024645416443,
        [
            -0.08576303969264513,
            0.05409010596512145,
            0.009025889511363239,
            0.9365689102706284
        ]
    ],
    "1.0": [
        0.000673805747832248,
        [
            -0.05446219810379087,
            0.043767277528444316,
            0.016780479268837745,
            0.9385370878777409
        ]
    ]
}