{"0.0": [0.00010263487191546112, [-0.6648984793172212, 0.13558345477261383, 0.35767807322274564, 0.6977928997397315]], "0.25": [8.927616371119085e-05, [-0.666071064468186, 0.14809961796162358, 0.3397041761420353, 0.7040850860649346]], "0.5": [8.343829463196644e-05, [-0.6750501589354088, 0.11640316221727612, 0.3779837582205875, 0.6974810079089353]], "0.75": [8.557644487343729e-05, [-0.6702050546652225, 0.11217963286820365, 0.3783763013154275, 0.6996095169323983]], "1.0": [7.049506094143173e-05, [-0.6454589029001048, 0.12280478793263683, 0.34147493730553313, 0.718038432140095]]}