{
    "0.0": [
        0.0006997235899404782,
        [
            -0.1653316672873202,
            0.014061346377481687,
            0.05167910894278798,
            0.9355056493950746
        ]
    ],
    "0.1111111111111111": [
        0.0007875035663586545,
        [
            -0.17986396644202746,
            0.00328155930535301,
            0.08247728789411804,
            0.9118911608987227
        ]
    ],
    "0.2222222222222222": [
        0.0006666376993419205,
        [
            -0.11541038377246121,
            0.0328678236058839,
            0.03494078513676069,
            0.9295910378285935
        ]
    ],
    "0.3333333333333333": [
        0.0008026731821659766,
        [
            -0.11505902182356552,
            0.00023743291440991854,
            0.09324130332103563,
            0.900528458324436
        ]
    ],
    "0.4444444444444444": [
        0.0006481922413608465,
        [
            -0.08836036251921262,
            0.05175140721356909,
            0.007048166419295024,
            0.9409814640392256
        ]
    ],
    "0.5555555555555556": [
        0.0007266844819414305,
        [
            -0.10769885393423474,
            0.04466845897724792,
            0.03840965462892454,
            0.9138822108512942
        ]
    ],
    "0.6666666666666666": [
        0.0006610805695811513,
        [
            -0.09248484999915316,
            0.024037575099222108,
            0.043845707371962354,
            0.9305485460891175
        ]
    ],
    "0.7777777777777777": [
        0.0007214382238402294,
        [
            -0.078211933797344,
            0.05414842562953626,
            0.02364728987157494,
            0.9164333678983836
        ]
    ],
    "0.8888888888888888": [
        0.0007235721052488455,
        [
            -0.17458693413610785,
            0.004456470070406906,
            0.06944038421040251,
            0.9273293130410984
        ]
    ],
    "1.0": [
        0.0006872596617993628,
        [
            -0.13800971401574405,
            0.03742164953771908,
            0.031347040720600905,
            0.9295989519281558
        ]
    ]
}