{"-1.5707963267948966": [0.00010274560703840649, [-0.7172256551916375, 0.11587117482308436, 0.4189434864799281, 0.6712837517272847]], "-1.2217304763960306": [0.00010206886224804786, [-0.6933650306287016, 0.18502570179942318, 0.3334386933032127, 0.6863506725699946]], "-0.8726646259971648": [7.688908303534425e-05, [-0.6617987710177511, 0.07484743389805619, 0.40460512396242576, 0.7040756322492647]], "-0.5235987755982989": [7.066051286417365e-05, [-0.5640435471792651, 0.2434225260612955, 0.16348820286449728, 0.7605729366991759]], "-0.17453292519943298": [9.377687289148856e-05, [-0.674820652479478, 0.09335671659006718, 0.40532469910261665, 0.6915907723672287]], "0.17453292519943298": [8.165087503963088e-05, [-0.6258591098780819, 0.1882826222495737, 0.267517234483519, 0.7265621749664624]], "0.5235987755982987": [8.658372248181374e-05, [-0.6816976980746621, 0.20768642855751676, 0.29578098883768256, 0.6991463169095201]], "0.8726646259971647": [7.796729714402443e-05, [-0.6545851299954721, 0.15048985976750878, 0.32560588531134027, 0.7122530573161439]], "1.2217304763960306": [7.628603140031756e-05, [-0.6413611981216418, 0.13206948684072306, 0.33528459620005097, 0.7149966623299402]], "1.5707963267948966": [9.317763187222318e-05, [-0.6726141106918919, 0.22623818486243213, 0.26806160787327654, 0.7067108775342236]]}