{"0.0": [8.963756289358286e-05, [-0.7067211044068856, 0.05006621631351912, 0.46944534698660173, 0.6766015300722578]], "0.1111111111111111": [6.554526298841651e-05, [-0.6025934238901783, 0.12871223874553592, 0.30202198512274603, 0.7385851341490264]], "0.2222222222222222": [6.528056840529813e-05, [-0.6181953369586626, 0.10298421175162287, 0.3381612090191826, 0.7305069394410278]], "0.3333333333333333": [8.535108867002245e-05, [-0.6573728402337967, 0.20929046216523367, 0.27431621369822773, 0.7111243999880783]], "0.4444444444444444": [7.068721872619491e-05, [-0.6255066820095893, 0.18974215522834031, 0.2626234992557922, 0.7298530644173254]], "0.5555555555555556": [8.174537312312929e-05, [-0.6748844020226196, 0.13152508072932373, 0.358560711474167, 0.7028149082053046]], "0.6666666666666666": [7.166762153166635e-05, [-0.602648646938788, 0.21134195537221495, 0.22655253997391878, 0.7392603657678352]], "0.7777777777777777": [9.602884901363234e-05, [-0.6749865346451449, 0.12778158723483116, 0.3734032056762535, 0.6921787811866962]], "0.8888888888888888": [6.491620202942635e-05, [-0.6289840314578223, 0.06944117416353979, 0.3775312676328303, 0.7248893023747952]], "1.0": [6.931012734036321e-05, [-0.6282790839622094, 0.14527447822724743, 0.3076221012796015, 0.726100097338741]]}