{"0.0": [8.247599772759354e-05, [-0.6847235587421323, 0.13855242318125863, 0.36459858393805067, 0.6939659161118172]], "0.1111111111111111": [7.410647151617207e-05, [-0.6292559834420851, 0.17333805467253763, 0.28075938714383414, 0.7277387463867087]], "0.2222222222222222": [7.69573230738698e-05, [-0.6617269296236403, 0.09632438895243269, 0.378016132277014, 0.7105564290597182]], "0.3333333333333333": [7.016434252562096e-05, [-0.6250562682242282, 0.17640062594080988, 0.27401057114333754, 0.7303027134199738]], "0.4444444444444444": [7.544985040907853e-05, [-0.6743157251767629, 0.05412811659786204, 0.43342885763468847, 0.698027401717096]], "0.5555555555555556": [7.4027044764143e-05, [-0.6373627865582531, 0.1380204694223577, 0.3242126746204108, 0.7193218996733923]], "0.6666666666666666": [9.930101397437316e-05, [-0.6983458819742113, 0.04460338543564827, 0.4668626392900701, 0.681032494476048]], "0.7777777777777777": [9.789465820046793e-05, [-0.6804437729909655, 0.14138113263950608, 0.36320723319917625, 0.6917972331513279]], "0.8888888888888888": [7.427876579285424e-05, [-0.6414368893495699, 0.0887847055586708, 0.37346909226273106, 0.7158992406590707]], "1.0": [7.36193613663272e-05, [-0.6430726232805485, 0.15407087102879538, 0.3113880563880362, 0.7193642922537666]]}