{"0.0": [7.176695882612507e-05, [-0.6647870287577258, 0.08449489240101846, 0.39551771675680997, 0.7051099482062336]], "0.1111111111111111": [8.651826315109177e-05, [-0.6591626345439389, 0.12595047666887504, 0.3531120000480751, 0.7081848867526037]], "0.2222222222222222": [7.593700728934297e-05, [-0.6403586361097717, 0.12891252530081057, 0.3344966387959954, 0.7180563317295563]], "0.3333333333333333": [8.494831367142994e-05, [-0.6749947598362179, 0.1734233978195367, 0.3180258146169197, 0.705230305562387]], "0.4444444444444444": [7.061172109623065e-05, [-0.6370023723867713, 0.10109280807197676, 0.3556918395942456, 0.7208112104110194]], "0.5555555555555556": [7.690320839114418e-05, [-0.6710116074587729, 0.11960154352558798, 0.3673817799772473, 0.7034887712346586]], "0.6666666666666666": [7.459087814161462e-05, [-0.6538399795320612, 0.12665880073585253, 0.3475005493942498, 0.7115169237676925]], "0.7777777777777777": [7.389797110671201e-05, [-0.6113681307518466, 0.1598692637590274, 0.283670869933023, 0.7318568648453146]], "0.8888888888888888": [9.226661944721642e-05, [-0.676152679966295, 0.23426993655759634, 0.2654053049343369, 0.7033764339986646]], "1.0": [7.025029287449492e-05, [-0.6118617663819629, 0.19818658605751963, 0.24386613418246467, 0.7365594326653997]]}