{
    "-1.5707963267948966": [
        6.859135311059202e-05,
        [
            -0.6695011047506759,
            0.23587484673643938,
            0.29177256262692636,
            0.6799529212611304
        ]
    ],
    "-1.2217304763960306": [
        6.249207295769813e-05,
        [
            -0.6628064565187508,
            0.17245104381245152,
            0.3435440578105512,
            0.6823810699220179
        ]
    ],
    "-0.8726646259971648": [
        6.270786974102977e-05,
        [
            -0.680513640678621,
            0.13634410387002088,
            0.39354760378420217,
            0.670237366042649
        ]
    ],
    "-0.5235987755982989": [
        6.50405000218236e-05,
        [
            -0.6631655977240787,
            0.2412636103462793,
            0.2790280163451363,
            0.6856814834665308
        ]
    ],
    "-0.17453292519943298": [
        6.395735260186441e-05,
        [
            -0.6614904351105502,
            0.19304488405418282,
            0.32137884400472083,
            0.6854290927748745
        ]
    ],
    "0.17453292519943298": [
        8.021170595508624e-05,
        [
            -0.7333619593612574,
            0.12213132277527794,
            0.46517906817922616,
            0.6292937738693819
        ]
    ],
    "0.5235987755982987": [
        6.471557361527647e-05,
        [
            -0.6677581113830164,
            0.2030013604422149,
            0.3196718244477692,
            0.6806589351952501
        ]
    ],
    "0.8726646259971647": [
        7.957425118986823e-05,
        [
            -0.7157811774820155,
            0.22361655185713064,
            0.34803876970526826,
            0.649926473001633
        ]
    ],
    "1.2217304763960306": [
        6.697237694298283e-05,
        [
            -0.6849640405500566,
            0.20489836107203668,
            0.3369308558146386,
            0.667656467397529
        ]
    ],
    "1.5707963267948966": [
        6.353693415907819e-05,
        [
            -0.6734973741080286,
            0.1564788008436955,
            0.3695980418347403,
            0.674041322309827
        ]
    ]
}