{
    "0.0": [
        7.704821444976522e-05,
        [
            -0.7544322960562991,
            0.17724773559159196,
            0.4457244012333022,
            0.5928616645780812
        ]
    ],
    "0.1111111111111111": [
        7.634071601732894e-05,
        [
            -0.7658594391177009,
            0.15983098996003403,
            0.4739386479426919,
            0.5836017066850059
        ]
    ],
    "0.2222222222222222": [
        7.500534386937944e-05,
        [
            -0.7203511947018207,
            0.2883116094834696,
            0.30352067422785317,
            0.6264777262391761
        ]
    ],
    "0.3333333333333333": [
        7.452230513809921e-05,
        [
            -0.7507725646619102,
            0.16734782272828203,
            0.4491477974894389,
            0.596714138645569
        ]
    ],
    "0.4444444444444444": [
        7.406195915360687e-05,
        [
            -0.7387420149137796,
            0.20832131896074796,
            0.3974811126767038,
            0.6085570087677672
        ]
    ],
    "0.5555555555555556": [
        7.502863083319022e-05,
        [
            -0.7412924729154529,
            0.22450365073533432,
            0.38621521307731205,
            0.6065454830014669
        ]
    ],
    "0.6666666666666666": [
        7.505217151579247e-05,
        [
            -0.7255645555080509,
            0.27086654929435494,
            0.3260661004755082,
            0.6209785682561995
        ]
    ],
    "0.7777777777777777": [
        7.515777642159715e-05,
        [
            -0.7524114478006185,
            0.20528444309433244,
            0.41325844810363355,
            0.599763921859315
        ]
    ],
    "0.8888888888888888": [
        7.464156651375265e-05,
        [
            -0.7481306540098338,
            0.1659684657178469,
            0.44889535847212914,
            0.5973935933975436
        ]
    ],
    "1.0": [
        7.536600208401448e-05,
        [
            -0.7552891410504479,
            0.18952673345928808,
            0.4343124054413704,
            0.5937173777492383
        ]
    ]
}