{
    "0.0": [
        7.481211013081834e-05,
        [
            -0.7372865517387222,
            0.21216333109205157,
            0.3938492868252162,
            0.6084272574496948
        ]
    ],
    "0.1111111111111111": [
        7.46503381737126e-05,
        [
            -0.727705772659165,
            0.2671620781544826,
            0.33026832031236186,
            0.6205856789265839
        ]
    ],
    "0.2222222222222222": [
        7.672449045460074e-05,
        [
            -0.767281254638692,
            0.1380715621223698,
            0.4957235890010894,
            0.5812621047571664
        ]
    ],
    "0.3333333333333333": [
        7.37654727783924e-05,
        [
            -0.7490092184740139,
            0.15297986392318408,
            0.4606494104481394,
            0.597235374452776
        ]
    ],
    "0.4444444444444444": [
        7.430166520252871e-05,
        [
            -0.7497237994086626,
            0.20019412745853654,
            0.4162610005817613,
            0.6004547922465372
        ]
    ],
    "0.5555555555555556": [
        7.663514554158158e-05,
        [
            -0.7582192609476233,
            0.16708796786417235,
            0.4594985169051763,
            0.5892034517421112
        ]
    ],
    "0.6666666666666666": [
        7.480013494106633e-05,
        [
            -0.7506443936750932,
            0.17350541467154898,
            0.4443112606846743,
            0.5961916484928939
        ]
    ],
    "0.7777777777777777": [
        7.449834692118264e-05,
        [
            -0.7390401265084758,
            0.2252340603843867,
            0.3820586714313112,
            0.6092584066015687
        ]
    ],
    "0.8888888888888888": [
        7.444397277790176e-05,
        [
            -0.7451648783806127,
            0.19004259309340227,
            0.4222698805076216,
            0.601926756817862
        ]
    ],
    "1.0": [
        7.679008887334739e-05,
        [
            -0.7406787652868966,
            0.24130178932785556,
            0.37077908044783225,
            0.6070888655988778
        ]
    ]
}