{
    "-1.5707963267948966": [
        8.790726832493864e-05,
        [
            -0.7697668746957911,
            0.20926049457880985,
            0.4338440384793092,
            0.5816478481628239
        ]
    ],
    "-1.2217304763960306": [
        7.476941192226599e-05,
        [
            -0.7383083490212389,
            0.25156206722748503,
            0.35631205554556444,
            0.6116989873115187
        ]
    ],
    "-0.8726646259971648": [
        7.373702744878263e-05,
        [
            -0.7471203870739219,
            0.1657984858008797,
            0.4460123789286339,
            0.5999886782851583
        ]
    ],
    "-0.5235987755982989": [
        7.882129292918436e-05,
        [
            -0.7787327506321343,
            0.13445117851196806,
            0.5124063667459723,
            0.5714770377595668
        ]
    ],
    "-0.17453292519943298": [
        7.37441748716082e-05,
        [
            -0.7396252474190206,
            0.19118640065722933,
            0.41431505191285234,
            0.6070171348399735
        ]
    ],
    "0.17453292519943298": [
        7.414081584109515e-05,
        [
            -0.746894703225574,
            0.17730079780870114,
            0.4348161148770324,
            0.6009980102444494
        ]
    ],
    "0.5235987755982987": [
        7.432350127909522e-05,
        [
            -0.7369471370922506,
            0.21550117101019878,
            0.3891350279343791,
            0.6100345719084486
        ]
    ],
    "0.8726646259971647": [
        7.41696531704844e-05,
        [
            -0.7320941034686436,
            0.23577574026517806,
            0.3642700393796581,
            0.6155524877655385
        ]
    ],
    "1.2217304763960306": [
        7.447352022188215e-05,
        [
            -0.7515904282131924,
            0.18313779462276278,
            0.4341874872274283,
            0.5980637526471473
        ]
    ],
    "1.5707963267948966": [
        7.35438199712368e-05,
        [
            -0.7450742494277923,
            0.16211951109313122,
            0.4476702926845043,
            0.6009306352071648
        ]
    ]
}