{"-1.5707963267948966": [7.403582228683089e-05, [-0.7429374133171592, 0.2013299275918214, 0.4081503862277079, 0.6053508519956752]], "-1.2217304763960306": [7.538354933293695e-05, [-0.7547290540205379, 0.1762700338228816, 0.4462351613261621, 0.5932080998219363]], "-0.8726646259971648": [7.536257461843358e-05, [-0.7511809079456337, 0.22017396282273194, 0.3992512064702923, 0.6004625840233356]], "-0.5235987755982989": [7.464459708211427e-05, [-0.7645352245185829, 0.1358313132734872, 0.49422461433869797, 0.5838046085982287]], "-0.17453292519943298": [7.555873962393356e-05, [-0.7254453632320355, 0.30948497674042447, 0.28860485103197653, 0.6244795097799541]], "0.17453292519943298": [7.450811831649524e-05, [-0.7432299522734847, 0.20089849749941466, 0.4102501477643152, 0.6038129872304194]], "0.5235987755982987": [7.570485877736746e-05, [-0.737649970123827, 0.2776688112883253, 0.3319016715627119, 0.6131098358549785]], "0.8726646259971647": [7.612193203594027e-05, [-0.7253730655374955, 0.3150732222575566, 0.2838103970185218, 0.6244032028788079]], "1.2217304763960306": [7.515955332019968e-05, [-0.7209500339998463, 0.2558681500677381, 0.3341268907939762, 0.6244629688802232]], "1.5707963267948966": [7.44160413515465e-05, [-0.7289791723457807, 0.2654540255450269, 0.3330968028868455, 0.6196804713579211]]}