{
    "0.0": [
        7.386701442159763e-05,
        [
            -0.7353385302951468,
            0.21606964701752496,
            0.3862207892110749,
            0.6118998401040695
        ]
    ],
    "0.1111111111111111": [
        7.563279137273763e-05,
        [
            -0.7398206807174127,
            0.2337912759359293,
            0.376015007099057,
            0.6081373043097899
        ]
    ],
    "0.2222222222222222": [
        7.627943672106685e-05,
        [
            -0.7343222928583957,
            0.2604326632717789,
            0.34643923252618414,
            0.6126613504178058
        ]
    ],
    "0.3333333333333333": [
        7.471115784546025e-05,
        [
            -0.7272944429697918,
            0.25803770692341566,
            0.33817857752535996,
            0.6205031998638665
        ]
    ],
    "0.4444444444444444": [
        7.886642727401925e-05,
        [
            -0.7747029434960673,
            0.15231349409978362,
            0.4895595325611722,
            0.5773524689932605
        ]
    ],
    "0.5555555555555556": [
        7.771197305014002e-05,
        [
            -0.7658154626072153,
            0.17063022050737578,
            0.4642413990497404,
            0.5837611970368408
        ]
    ],
    "0.6666666666666666": [
        7.540719105174854e-05,
        [
            -0.7383779883017689,
            0.2631085408709223,
            0.3459169228391078,
            0.6120687722422361
        ]
    ],
    "0.7777777777777777": [
        7.792101075621729e-05,
        [
            -0.7722137990042091,
            0.13774765506447123,
            0.5023454969740527,
            0.5766167104962389
        ]
    ],
    "0.8888888888888888": [
        8.034800072519024e-05,
        [
            -0.7756243683158132,
            0.1865112160369138,
            0.45705303319886736,
            0.5801262322192882
        ]
    ],
    "1.0": [
        7.38862318298028e-05,
        [
            -0.7443832316380072,
            0.18317658792187105,
            0.42735462185792644,
            0.6025743883011139
        ]
    ]
}