{
    "0.0": [
        7.392554378200369e-05,
        [
            -0.7530683074129048,
            0.13995033627616457,
            0.47774472656662,
            0.5929107507649053
        ]
    ],
    "0.1111111111111111": [
        7.944780016260955e-05,
        [
            -0.7572470351048335,
            0.2495868691131835,
            0.38008543484630397,
            0.5959341336420984
        ]
    ],
    "0.2222222222222222": [
        7.402325012888377e-05,
        [
            -0.7344935772033778,
            0.2140127594042315,
            0.387601248177707,
            0.6120637555663515
        ]
    ],
    "0.3333333333333333": [
        7.470267737166762e-05,
        [
            -0.7267512438662926,
            0.27499897067691936,
            0.32271151360363926,
            0.6210532894099017
        ]
    ],
    "0.4444444444444444": [
        7.379541987950347e-05,
        [
            -0.7387948936105028,
            0.1968938328415016,
            0.40825923109125906,
            0.6078184861442772
        ]
    ],
    "0.5555555555555556": [
        7.416675600518063e-05,
        [
            -0.7319860062058048,
            0.2322707856955814,
            0.36763492954312177,
            0.6152042205807391
        ]
    ],
    "0.6666666666666666": [
        7.362098101032746e-05,
        [
            -0.7479616048423905,
            0.17147895706588762,
            0.4413423780760854,
            0.5999465110445812
        ]
    ],
    "0.7777777777777777": [
        7.513547852418111e-05,
        [
            -0.7256222206097945,
            0.29575760121549177,
            0.30171644372239464,
            0.6234559383980723
        ]
    ],
    "0.8888888888888888": [
        7.366490050939583e-05,
        [
            -0.7420287721021628,
            0.19115983333018788,
            0.41684413018455924,
            0.6052991206401453
        ]
    ],
    "1.0": [
        7.492499875143811e-05,
        [
            -0.7417918392844205,
            0.22062705851368017,
            0.3900738613122231,
            0.6062341909370955
        ]
    ]
}