{
    "0.0": [
        7.473538453018532e-05,
        [
            -0.7363903746332399,
            0.2331787699447146,
            0.37225026754094215,
            0.6112632666262018
        ]
    ],
    "0.1111111111111111": [
        7.676491332101158e-05,
        [
            -0.7525179967569733,
            0.21303894269255558,
            0.4097191852768626,
            0.5967578363579449
        ]
    ],
    "0.2222222222222222": [
        7.498853153281166e-05,
        [
            -0.7314280155118438,
            0.22934913607516144,
            0.3715945369564427,
            0.6137205535460428
        ]
    ],
    "0.3333333333333333": [
        7.41946049066861e-05,
        [
            -0.7368076486135176,
            0.20721076851396864,
            0.39693190452794735,
            0.6094767356762962
        ]
    ],
    "0.4444444444444444": [
        7.563634340262497e-05,
        [
            -0.7337992865208941,
            0.2274174919941409,
            0.3738633961906424,
            0.6137666524055039
        ]
    ],
    "0.5555555555555556": [
        7.457001016536725e-05,
        [
            -0.7307608450177636,
            0.26609608960747233,
            0.33469883042095827,
            0.6181196061195336
        ]
    ],
    "0.6666666666666666": [
        7.828705911762242e-05,
        [
            -0.7735500466982518,
            0.15596615767292624,
            0.48745790497167396,
            0.5760145514929602
        ]
    ],
    "0.7777777777777777": [
        8.145285498250532e-05,
        [
            -0.7285134693164904,
            0.3198584209490953,
            0.28618602524340014,
            0.619108983498071
        ]
    ],
    "0.8888888888888888": [
        7.94922270961978e-05,
        [
            -0.7658861133828525,
            0.2064759308873299,
            0.42711489119391305,
            0.5893901367916276
        ]
    ],
    "1.0": [
        7.549038230286302e-05,
        [
            -0.7320446634076471,
            0.28194928843895944,
            0.3221528330299631,
            0.6172368246400762
        ]
    ]
}