{
    "0.0": [
        6.016220815465914e-05,
        [
            -0.7365381489665274,
            0.13800507942245524,
            0.4783439797582408,
            0.6029962922831141
        ]
    ],
    "0.1111111111111111": [
        6.435752030229346e-05,
        [
            -0.7437216808926779,
            0.17460187390315843,
            0.4495699977411499,
            0.6019295745303841
        ]
    ],
    "0.2222222222222222": [
        5.425416275531721e-05,
        [
            -0.6972974068502064,
            0.2127688263171812,
            0.36433780300598057,
            0.638400144231266
        ]
    ],
    "0.3333333333333333": [
        5.439943181785493e-05,
        [
            -0.7019094831671373,
            0.19550208225968208,
            0.38624974994341016,
            0.6332146060827374
        ]
    ],
    "0.4444444444444444": [
        5.7009616902481765e-05,
        [
            -0.7171019509385574,
            0.16456527342900257,
            0.432959819587725,
            0.6187533645030546
        ]
    ],
    "0.5555555555555556": [
        5.515352154072012e-05,
        [
            -0.6962735734107113,
            0.2328408567633098,
            0.3451166957071997,
            0.6397798623563632
        ]
    ],
    "0.6666666666666666": [
        5.7325413697119724e-05,
        [
            -0.7275915016121686,
            0.15736490412350745,
            0.44874058598799593,
            0.6124086543087289
        ]
    ],
    "0.7777777777777777": [
        5.839456888431369e-05,
        [
            -0.737487082985107,
            0.08508534738911963,
            0.5277123673093457,
            0.6001833206567491
        ]
    ],
    "0.8888888888888888": [
        6.280747647703107e-05,
        [
            -0.7252745183212547,
            0.19530217462913116,
            0.41056767387002846,
            0.6167426811604665
        ]
    ],
    "1.0": [
        5.4522306603677726e-05,
        [
            -0.7154826714244973,
            0.15657241976361913,
            0.43551877111646753,
            0.6223763365632047
        ]
    ]
}