{"0.0": [5.5282760246716285e-05, [-0.6828001564613178, 0.2766075770735493, 0.2909744781107498, 0.6511654686347232]], "0.1111111111111111": [5.510308766616639e-05, [-0.6932968483446548, 0.23164148901615697, 0.3441326051201741, 0.6408742693817148]], "0.2222222222222222": [5.98847185264573e-05, [-0.7132290972975935, 0.23695369140830524, 0.3586666358572028, 0.6282026980606084]], "0.3333333333333333": [5.4538805522890366e-05, [-0.7015339738718878, 0.19713590409672044, 0.38426343076983505, 0.6336209232123013]], "0.4444444444444444": [5.512898793072673e-05, [-0.7181291509548936, 0.1469708552319425, 0.4479825548421874, 0.6192784807175998]], "0.5555555555555556": [5.577534377212432e-05, [-0.7147165761669554, 0.17152364342306067, 0.42220420469347086, 0.622531824308776]], "0.6666666666666666": [5.4144095588127056e-05, [-0.7009423547156203, 0.18288543802812166, 0.3966086861631439, 0.6335449181628008]], "0.7777777777777777": [5.554605447456985e-05, [-0.6964273679267963, 0.23570930220322667, 0.34201828647027077, 0.640315866873223]], "0.8888888888888888": [5.3906876867462005e-05, [-0.6966678309452369, 0.19837775666328614, 0.3772953556602244, 0.6378654322505654]], "1.0": [5.3956436804175536e-05, [-0.7050962312658937, 0.16857696261795935, 0.413495091702124, 0.6304685989905596]]}