{"0.0": [5.386274184390078e-05, [-0.7158035440539233, 0.12843197470821938, 0.46295662607613847, 0.6197951122297305]], "0.1111111111111111": [5.4412530661365775e-05, [-0.7252641147882899, 0.12057577100596675, 0.48039527341442023, 0.6123425513758115]], "0.2222222222222222": [5.491009062843856e-05, [-0.6793420550453277, 0.27860120458193627, 0.2853252732315335, 0.653924772985665]], "0.3333333333333333": [5.618922483561855e-05, [-0.7119395481206094, 0.19572169935051936, 0.3987662229731027, 0.6240082511034537]], "0.4444444444444444": [5.473592370251416e-05, [-0.6891899011853104, 0.24626216733488898, 0.32559731241192125, 0.6452083238762178]], "0.5555555555555556": [5.444042557553615e-05, [-0.6865891576793637, 0.22604994117395877, 0.3413875542232144, 0.6462319722186927]], "0.6666666666666666": [5.4359524078917266e-05, [-0.6960648671111564, 0.21458294398346625, 0.3620069915173679, 0.6387943648236892]], "0.7777777777777777": [5.715186096637793e-05, [-0.6754027185279263, 0.2575883075825255, 0.3041929660999093, 0.6522476259777141]], "0.8888888888888888": [5.4154361659750064e-05, [-0.6879779834938203, 0.2215529642433706, 0.34654370416807145, 0.6454460415263725]], "1.0": [5.496043388729684e-05, [-0.7022955918018958, 0.227551851666004, 0.35583853619784966, 0.6356325094624663]]}