{"-1.5707963267948966": [5.674404568750264e-05, [-0.7393797556278436, 0.09560206382299728, 0.5189567116527505, 0.6003316075451938]], "-1.2217304763960306": [5.4028365956998156e-05, [-0.6988708934192787, 0.18494460636917814, 0.39182204110025287, 0.6357888452557492]], "-0.8726646259971648": [5.3989864404086525e-05, [-0.6950706956799156, 0.19992232250136358, 0.37395344426719107, 0.6392987505454034]], "-0.5235987755982989": [5.934971647606438e-05, [-0.7098634193416171, 0.24093653262632286, 0.3525039940488825, 0.6297447693845059]], "-0.17453292519943298": [5.472274217104151e-05, [-0.6813459523010542, 0.2551657272921208, 0.30919351945091217, 0.6512399944113241]], "0.17453292519943298": [5.7913399822069244e-05, [-0.7122988488427775, 0.20083063296316403, 0.39486136354738366, 0.6234518112993059]], "0.5235987755982987": [5.7307596089646e-05, [-0.7148188517624213, 0.2006136794927631, 0.39540707691500737, 0.6237764233604441]], "0.8726646259971647": [5.349782632087921e-05, [-0.717518873065768, 0.11010419718186366, 0.4814849051616258, 0.6178665182437613]], "1.2217304763960306": [5.706988912606073e-05, [-0.69026881852659, 0.20936497211240837, 0.3636228200663026, 0.6400951337542328]], "1.5707963267948966": [5.448189020873254e-05, [-0.6975514576360923, 0.20432315077811453, 0.3734331473769107, 0.6368518754327721]]}