{
    "0.0": [
        6.722524198035463e-05,
        [
            -0.6850709368367794,
            0.17868469678788032,
            0.3609910288705457,
            0.6668101760117042
        ]
    ],
    "0.1111111111111111": [
        6.379824989252416e-05,
        [
            -0.6877728388747919,
            0.14959563178357407,
            0.38690892660958004,
            0.6672855661515916
        ]
    ],
    "0.2222222222222222": [
        6.279830249406077e-05,
        [
            -0.6636003072241992,
            0.18787830393032826,
            0.329765655598047,
            0.6826574317160137
        ]
    ],
    "0.3333333333333333": [
        6.913687830435394e-05,
        [
            -0.6526803215766643,
            0.2625401778979119,
            0.2527130339994107,
            0.6900039650004152
        ]
    ],
    "0.4444444444444444": [
        6.292339535824208e-05,
        [
            -0.7053589476427976,
            0.07359656351262114,
            0.47580438262077146,
            0.6520253769405343
        ]
    ],
    "0.5555555555555556": [
        6.311234826822825e-05,
        [
            -0.6628827497537311,
            0.1986901630516203,
            0.31855520215063066,
            0.6839524797346987
        ]
    ],
    "0.6666666666666666": [
        6.276300162136905e-05,
        [
            -0.6636778518359691,
            0.17862472362442783,
            0.33850218754530037,
            0.6821680234834887
        ]
    ],
    "0.7777777777777777": [
        6.673060135104961e-05,
        [
            -0.703487722956907,
            0.07952669199409693,
            0.46813584885666837,
            0.6537588324620188
        ]
    ],
    "0.8888888888888888": [
        6.497789464663975e-05,
        [
            -0.6746079739219555,
            0.20252052360731215,
            0.32653849467246676,
            0.6764534362741553
        ]
    ],
    "1.0": [
        6.325388360204975e-05,
        [
            -0.6849476360239253,
            0.1327663112145366,
            0.4008102577875399,
            0.667564143864792
        ]
    ]
}