{
    "0.0": [
        6.881842191160546e-05,
        [
            -0.6892815938239805,
            0.21033087212453988,
            0.33239185679200445,
            0.6683655007413307
        ]
    ],
    "0.1111111111111111": [
        6.944709534741657e-05,
        [
            -0.7185948904530672,
            0.07912971343374556,
            0.48554070758819795,
            0.6418981410402416
        ]
    ],
    "0.2222222222222222": [
        7.491971660603942e-05,
        [
            -0.717804139028936,
            0.14142767249723134,
            0.42681805904733805,
            0.644923015936424
        ]
    ],
    "0.3333333333333333": [
        6.270808106925902e-05,
        [
            -0.6785074817257966,
            0.15114832070925593,
            0.3771884107209032,
            0.672736943358683
        ]
    ],
    "0.4444444444444444": [
        6.401813095449045e-05,
        [
            -0.6430822154615008,
            0.22956187715603557,
            0.27160980736879536,
            0.6969161580940189
        ]
    ],
    "0.5555555555555556": [
        7.878177223302966e-05,
        [
            -0.7164282280817373,
            0.1279824050958361,
            0.4429985550580957,
            0.6406253438967301
        ]
    ],
    "0.6666666666666666": [
        6.542513861412635e-05,
        [
            -0.6854674041317803,
            0.14329431945881144,
            0.3906803150245516,
            0.6684251250060705
        ]
    ],
    "0.7777777777777777": [
        7.859516373538464e-05,
        [
            -0.7351103805609008,
            0.08655258248468149,
            0.5001031090229151,
            0.6265818234206801
        ]
    ],
    "0.8888888888888888": [
        7.343561581876617e-05,
        [
            -0.6837317133849824,
            0.2676283070716522,
            0.2749516982972298,
            0.6732240378273145
        ]
    ],
    "1.0": [
        6.536627084501476e-05,
        [
            -0.6451698169697643,
            0.19975381610536994,
            0.30342064006793523,
            0.6925523528719499
        ]
    ]
}