{
    "0.0": [
        7.341784400110949e-05,
        [
            -0.7199341390988575,
            0.17438510719688266,
            0.3971954669361987,
            0.6458848103852974
        ]
    ],
    "0.1111111111111111": [
        6.592842369461793e-05,
        [
            -0.6796729372007391,
            0.15677898537962548,
            0.3745061849217274,
            0.6709393918946919
        ]
    ],
    "0.2222222222222222": [
        6.233930738657933e-05,
        [
            -0.6653817048637762,
            0.15128000513697296,
            0.3658887716636764,
            0.6797325259705987
        ]
    ],
    "0.3333333333333333": [
        6.306916285890513e-05,
        [
            -0.6626158231143964,
            0.1729566712785921,
            0.342295657607972,
            0.683027760319689
        ]
    ],
    "0.4444444444444444": [
        6.368603673024775e-05,
        [
            -0.6677616972044605,
            0.15963998973524518,
            0.35902680831249595,
            0.679770461253842
        ]
    ],
    "0.5555555555555556": [
        6.305157798955286e-05,
        [
            -0.663051436805157,
            0.18360272678576325,
            0.3324666179396241,
            0.6834938214970114
        ]
    ],
    "0.6666666666666666": [
        6.201412412916703e-05,
        [
            -0.6678197275810971,
            0.1501743874591885,
            0.3684543669586082,
            0.6788625953237637
        ]
    ],
    "0.7777777777777777": [
        6.790489125224173e-05,
        [
            -0.6884555975815545,
            0.16046852708000842,
            0.38157034386559996,
            0.6636633283266009
        ]
    ],
    "0.8888888888888888": [
        6.396873275083223e-05,
        [
            -0.6804378912699196,
            0.1681875473992803,
            0.36393091971507696,
            0.6715363933085401
        ]
    ],
    "1.0": [
        6.596291187022197e-05,
        [
            -0.6920476940917204,
            0.14592280039329167,
            0.39850684415796483,
            0.6608076945942647
        ]
    ]
}